Emit,Nodes,P1044,P1045,P140,P154,P155,P156,P157,P158,P160,P162,P246,P248,P264,P266,P372,P38,P40,P42,P43,P44,P46,P48,P49,P492,P51,P57,P58,P596,P609,P633,P823,P826,P827,P830,P831,P842,P844,P846,P847,P850,P851,P852,P853,P855,P858,P859,P861,P866,P871,J219,J220,J53,J54,J55,J56,J57,J58,J59,J236,J237,J60,J62,J64,J65,J66,J67,J68,J69,J241,J242,J243,J244,J245,J246,J247,J248,J249,J70,J71,J72,J73,J74,J76,J77,J250,J84,J85,J86,J61,J92,J118,T5,J219,J220,J53,J54,J55,J56,J57,J58,J59,J236,J237,J60,J62,J64,J65,J66,J67,J68,J69,J241,J242,J243,J244,J245,J246,J247,J248,J249,J70,J71,J72,J73,J74,J76,J77,J250,J84,J85,J86,J61,J92,J118,T5,J219,J220,J53,J54,J55,J56,J57,J58,J59,J236,J237,J60,J62,J64,J65,J66,J67,J68,J69,J241,J242,J243,J244,J245,J246,J247,J248,J249,J70,J71,J72,J73,J74,J76,J77,J250,J84,J85,J86,J61,J92,J118,T5
0,NL,10.52013,10.36013,0.43,4.00523,0.73477,0.3317,1.26415,0.35225,0.76225,0.50353,1.62938,2.49108,0.27,0.8117,0.01523,0.45696,0.98477,2.45013,0.13,4.53523,0.06,2.16013,0.35,0.2717,1.29,0.26353,0.21353,0.79719,1.16415,2.98013,0.06225,0.42775,0.4164,0.0964,1.11585,0.54061,0.66164,1.28757,1.14757,0.54312,0.27103,2.30477,9.85013,0.29,0.49,2.09013,0.35013,0.59,0.26,0.32,0.43,0.51,0.53,0.15,0.09,0.35,0.22,0.22,0.29,0.49,0.25,0.15,0.03,0.13,0.53,0.03,0.21,0.2,0.27,0.21,0.06,0.42,0.25,0.41,0.32,0.45,0.01,0.06,0.07,1.30E-04,0.29,0.35,0.29,0.45,0.05,0.05,0.24,0.47,0.33,0.2,0.14,-10.52013,54.16189,26.14587,21.67671,26.41665,35.46017,34.4015,47.24727,30.46809,49.22205,47.93295,32.79281,51.1741,46.22386,24.72913,24.72911,34.29283,25.47047,33.33932,35.33447,36.1694,41.16973,46.16634,36.04999,35.18485,50.94826,49.01358,52.0116,56.17761,36.33434,29.40366,31.38048,26.40906,31.37972,36.32181,30.38162,39.18308,62.35311,61.1745,56.16189,34.33631,34.32298,31.46614,1,106.16189,106.14587,106.67671,106.41665,106.46017,106.4015,106.24727,106.46809,106.22205,105.93295,105.93281,106.1741,106.22386,106.72913,106.72911,106.29283,106.47047,106.33932,106.33447,106.1694,106.16973,106.16634,106.04999,106.18485,105.94826,106.01358,106.0116,106.17761,106.33434,106.40366,106.38048,106.40906,106.37972,106.32181,106.38162,106.18308,106.17311,106.1745,106.16189,106.33631,106.32298,106.46614,106.8
0.126, J53,11.11245,10.95245,0.43,4.00521,0.73479,0.33179,1.26415,0.35225,0.76225,0.50342,1.62927,2.49106,0.27,0.81179,0.01521,0.45696,0.98479,2.45013,0.13,4.53521,0.06,2.16013,0.35,0.27179,1.29,0.26342,0.21342,0.7972,1.16417,2.98013,0.06225,0.42775,0.4164,0.0964,1.11585,0.54062,0.66166,1.28758,1.14758,0.54313,0.27103,2.30479,9.85013,0.29,0.49,2.09013,0.35013,0.59,0.26,0.32,0.43,1.10232,0.53,0.15,0.09,0.35,0.22,0.22,0.29,0.49,0.25,0.15,0.03,0.13,0.53,0.03,0.21,0.2,0.27,0.21,0.06,0.42,0.25,0.41,0.32,0.45,0.01,0.06,0.07,1.30E-04,0.29,0.35,0.29,0.45,0.05,0.05,0.24,0.47,0.33,0.2,0.14,-11.11245,54.14864,26.13262,21.66346,26.4034,35.44693,34.38825,47.23402,30.45484,49.2088,47.91971,32.77956,51.16084,46.2106,24.72156,24.72155,34.27959,25.45723,33.32607,35.32122,36.15615,41.15649,46.15309,36.03674,35.17161,50.93502,49.00034,51.99836,56.16436,36.3211,29.39041,31.36723,26.39582,31.36647,36.30857,30.36837,39.16984,62.33987,61.16126,56.14864,34.32306,34.30974,31.45289,1,106.14864,106.13262,106.66346,106.4034,106.44693,106.38825,106.23402,106.45484,106.2088,105.91971,105.91956,106.16084,106.2106,106.72156,106.72155,106.27959,106.45723,106.32607,106.32122,106.15615,106.15649,106.15309,106.03674,106.17161,105.93502,106.00034,105.99836,106.16436,106.3211,106.39041,106.36723,106.39582,106.36647,106.30857,106.36837,106.16984,106.15987,106.16126,106.14864,106.32306,106.30974,106.45289,106.8
0.1, J54,11.04357,10.88357,0.43,4.00521,0.73479,0.33179,1.26415,0.35225,0.76225,0.50342,1.62927,2.49106,0.27,0.81179,0.01521,0.45696,0.98479,2.45013,0.13,4.53521,0.06,2.16013,0.35,0.27179,1.29,0.26342,0.21342,0.7972,1.16417,3.50357,0.06225,0.42775,0.4164,0.0964,1.11585,0.54062,0.66166,1.28758,1.14758,0.54313,0.27103,2.30479,10.37357,0.29,0.49,2.09013,0.35013,0.59,0.26,0.32,0.43,0.51,1.05344,0.15,0.09,0.35,0.22,0.22,0.29,0.49,0.25,0.15,0.03,0.13,0.53,0.03,0.21,0.2,0.27,0.21,0.06,0.42,0.25,0.41,0.32,0.45,0.01,0.06,0.07,1.30E-04,0.29,0.35,0.29,0.45,0.05,0.05,0.24,0.47,0.33,0.2,0.14,-11.04357,54.12947,26.11346,21.66504,26.36548,35.42777,34.36909,47.21486,30.43568,49.18963,47.90055,32.7604,51.14168,46.19144,24.72246,24.72245,34.26042,25.43806,33.28815,35.2833,36.13699,41.13733,46.13392,36.01758,35.15244,50.91585,48.98117,51.97919,56.1452,36.28318,29.35249,31.32931,26.3579,31.32855,36.27064,30.33045,39.15068,62.32071,61.1421,56.12947,34.28514,34.27181,31.43373,1,106.12947,106.11346,106.66504,106.36548,106.42777,106.36909,106.21486,106.43568,106.18963,105.90055,105.9004,106.14168,106.19144,106.72246,106.72245,106.26042,106.43806,106.28815,106.2833,106.13699,106.13733,106.13392,106.01758,106.15244,105.91585,105.98117,105.97919,106.1452,106.28318,106.35249,106.32931,106.3579,106.32855,106.27064,106.33045,106.15068,106.14071,106.1421,106.12947,106.28514,106.27181,106.43373,106.8
0.098, J55,11.10932,10.94932,0.43,4.01625,0.72375,0.33853,1.26422,0.35224,0.76224,0.50773,1.63351,2.50204,0.27,0.81853,0.02625,0.43432,0.97375,2.45013,0.13,4.54625,0.06,2.16013,0.35,0.27853,1.29,0.26773,0.21773,0.81656,1.16087,2.98013,0.06224,0.42776,0.41645,0.09645,1.11578,0.53287,0.65293,1.84638,1.70638,0.54081,0.27006,2.88294,10.43932,0.29,0.49,2.09013,0.35013,0.59,0.26,0.32,0.43,0.51,0.53,0.73919,0.09,0.35,0.22,0.22,0.29,0.49,0.25,0.15,0.03,0.13,0.53,0.03,0.21,0.2,0.27,0.21,0.06,0.42,0.25,0.41,0.32,0.45,0.01,0.06,0.07,1.30E-04,0.29,0.35,0.29,0.45,0.05,0.05,0.24,0.47,0.33,0.2,0.14,-11.10932,54.12338,26.10736,21.66354,26.38006,35.41406,34.36066,47.20724,30.43028,49.18221,47.89499,32.75485,51.13525,46.18398,24.72161,24.72159,34.25544,25.43388,33.30273,35.29788,36.13123,41.13157,46.12804,36.01203,35.14691,50.9103,48.97562,51.97363,56.13962,36.29775,29.36707,31.34389,26.37247,31.34313,36.28522,30.34503,39.14513,62.31504,61.13647,56.12338,34.29972,34.28639,31.42648,1,106.12338,106.10736,106.66354,106.38006,106.41406,106.36066,106.20724,106.43028,106.18221,105.89499,105.89485,106.13525,106.18398,106.72161,106.72159,106.25544,106.43388,106.30273,106.29788,106.13123,106.13157,106.12804,106.01203,106.14691,105.9103,105.97562,105.97363,106.13962,106.29775,106.36707,106.34389,106.37247,106.34313,106.28522,106.34503,106.14513,106.13504,106.13647,106.12338,106.29972,106.28639,106.42648,106.8
0.1, J56,11.11175,10.95175,0.43,4.08729,0.65271,0.38189,1.26464,0.35215,0.76215,0.5354,1.66076,2.57266,0.27,0.86189,0.09729,0.64098,0.90271,2.45013,0.13,4.61729,0.06,2.16013,0.35,0.32189,1.29,0.2954,0.2454,1.09819,1.05755,2.98013,0.06215,0.42785,0.41678,0.09678,1.11536,0.56516,0.64907,1.49613,1.35613,0.47364,0.23391,2.81433,10.44175,0.29,0.49,2.09013,0.35013,0.59,0.26,0.32,0.43,0.51,0.53,0.15,0.68162,0.35,0.22,0.22,0.29,0.49,0.25,0.15,0.03,0.13,0.53,0.03,0.21,0.2,0.27,0.21,0.06,0.42,0.25,0.41,0.32,0.45,0.01,0.06,0.07,1.30E-04,0.29,0.35,0.29,0.45,0.05,0.05,0.24,0.47,0.33,0.2,0.14,-11.11175,54.11066,26.09464,21.66348,26.3799,35.41958,34.30992,47.18084,30.43028,49.16127,47.88593,32.74578,51.12046,46.16301,24.72157,24.72156,34.25009,25.43373,33.30257,35.29772,36.12084,41.12118,46.11677,36.00302,35.13797,50.90123,48.96655,51.96455,56.13043,36.2976,29.36691,31.34373,26.37232,31.34297,36.28507,30.34487,39.1361,62.30523,61.12695,56.11068,34.29956,34.28624,31.42771,1,106.11066,106.09464,106.66348,106.3799,106.41958,106.30992,106.18084,106.43028,106.16127,105.88593,105.88578,106.12046,106.16301,106.72157,106.72156,106.25009,106.43373,106.30257,106.29772,106.12084,106.12118,106.11677,106.00302,106.13797,105.90123,105.96655,105.96455,106.13043,106.2976,106.36691,106.34373,106.37232,106.34297,106.28507,106.34487,106.1361,106.12523,106.12695,106.11068,106.29956,106.28624,106.42771,106.8
0.086, J57,11.11049,10.95049,0.43,4.26631,0.47369,0.49133,1.26573,0.35192,0.76192,0.60498,1.72926,2.75058,0.27,0.97133,0.27631,0.54777,0.72369,2.45013,0.13,4.79631,0.06,2.16013,0.35,0.43133,1.29,0.36498,0.31498,0.95097,1.40874,2.98013,0.06192,0.42808,0.41764,0.09764,1.11427,0.62531,0.62482,1.46308,1.32308,0.31887,0.14951,2.63405,10.44049,0.29,0.49,2.09013,0.35013,0.59,0.26,0.32,0.43,0.51,0.53,0.15,0.09,0.94036,0.22,0.22,0.29,0.49,0.25,0.15,0.03,0.13,0.53,0.03,0.21,0.2,0.27,0.21,0.06,0.42,0.25,0.41,0.32,0.45,0.01,0.06,0.07,1.30E-04,0.29,0.35,0.29,0.45,0.05,0.05,0.24,0.47,0.33,0.2,0.14,-11.11049,54.07694,26.06092,21.6635,26.37996,35.4205,34.33843,47.11886,30.43074,49.10946,47.86299,32.72285,51.08235,46.11108,24.72159,24.72157,34.23675,25.43379,33.30263,35.29779,36.0943,41.09463,46.08759,35.98019,35.11537,50.87827,48.94359,51.94156,56.10713,36.29766,29.36698,31.3438,26.37238,31.34304,36.28513,30.34494,39.11325,62.28022,61.10277,56.07713,34.29963,34.2863,31.42827,1,106.07694,106.06092,106.6635,106.37996,106.4205,106.33843,106.11886,106.43074,106.10946,105.86299,105.86285,106.08235,106.11108,106.72159,106.72157,106.23675,106.43379,106.30263,106.29779,106.0943,106.09463,106.08759,105.98019,106.11537,105.87827,105.94359,105.94156,106.10713,106.29766,106.36698,106.3438,106.37238,106.34304,106.28513,106.34494,106.11325,106.10022,106.10277,106.07713,106.29963,106.2863,106.42827,106.8
0.1, J58,11.07935,10.91935,0.43,4.00729,0.73271,0.33305,1.26416,0.35225,0.76225,0.50423,1.63007,2.49312,0.27,0.81305,0.01729,0.45645,0.98271,2.45013,0.13,4.53729,0.06,2.16013,0.35,0.27305,1.29,0.26423,0.21423,0.79631,1.16276,2.98013,0.06225,0.42775,0.41641,0.09641,1.11584,0.53995,0.66052,1.2864,1.1464,0.5422,0.27057,2.86193,10.40935,0.29,0.49,2.09013,0.35013,0.59,0.26,0.32,0.43,0.51,0.53,0.15,0.09,0.35,0.77922,0.22,0.29,0.49,0.25,0.15,0.03,0.13,0.53,0.03,0.21,0.2,0.27,0.21,0.06,0.42,0.25,0.41,0.32,0.45,0.01,0.06,0.07,1.30E-04,0.29,0.35,0.29,0.45,0.05,0.05,0.24,0.47,0.33,0.2,0.14,-11.07935,54.12684,26.11082,21.66422,26.38197,35.42433,34.36578,47.21189,30.43224,49.18675,47.89801,32.75787,51.13898,46.18855,24.722,24.72198,34.258,25.43579,33.30463,35.29979,36.13442,41.13476,46.13133,36.01505,35.14992,50.91332,48.97864,51.97666,56.14267,36.29966,29.36898,31.3458,26.37438,31.34504,36.28713,30.34694,39.14815,62.31815,61.13956,56.12684,34.30163,34.2883,31.43029,1,106.12684,106.11082,106.66422,106.38197,106.42433,106.36578,106.21189,106.43224,106.18675,105.89801,105.89787,106.13898,106.18855,106.722,106.72198,106.258,106.43579,106.30463,106.29979,106.13442,106.13476,106.13133,106.01505,106.14992,105.91332,105.97864,105.97666,106.14267,106.29966,106.36898,106.3458,106.37438,106.34504,106.28713,106.34694,106.14815,106.13815,106.13956,106.12684,106.30163,106.2883,106.43029,106.8
0.084, J59,11.10875,10.94875,0.43,4.30116,0.43884,0.51265,1.26594,0.35187,0.76187,0.61851,1.74257,2.78522,0.27,0.99265,0.31116,0.52974,0.68884,2.45013,0.13,4.83116,0.06,2.16013,0.35,0.45265,1.29,0.37851,0.32851,0.92254,1.36228,2.98013,0.06187,0.42813,0.41781,0.09781,1.11406,0.63518,0.82218,1.45492,1.31492,0.67528,0.33699,2.59746,10.43875,0.29,0.49,2.09013,0.35013,0.59,0.26,0.32,0.43,0.51,0.53,0.15,0.09,0.35,0.22,0.80862,0.29,0.49,0.25,0.15,0.03,0.13,0.53,0.03,0.21,0.2,0.27,0.21,0.06,0.42,0.25,0.41,0.32,0.45,0.01,0.06,0.07,1.30E-04,0.29,0.35,0.29,0.45,0.05,0.05,0.24,0.47,0.33,0.2,0.14,-11.10875,54.07013,26.05411,21.66354,26.38007,35.42081,34.34366,47.13732,30.43093,49.09957,47.85853,32.71839,51.07483,46.10227,24.72161,24.7216,34.2342,25.4339,33.30274,35.2979,36.08909,41.08943,46.08181,35.97576,35.11098,50.87381,48.93912,51.93709,56.1026,36.29777,29.36709,31.34391,26.37249,31.34315,36.28524,30.34505,39.1088,62.27533,61.09806,56.07037,34.29974,34.28641,31.42848,1,106.07013,106.05411,106.66354,106.38007,106.42081,106.34366,106.13732,106.43093,106.09957,105.85853,105.85839,106.07483,106.10227,106.72161,106.7216,106.2342,106.4339,106.30274,106.2979,106.08909,106.08943,106.08181,105.97576,106.11098,105.87381,105.93912,105.93709,106.1026,106.29777,106.36709,106.34391,106.37249,106.34315,106.28524,106.34505,106.1088,106.09533,106.09806,106.07037,106.29974,106.28641,106.42848,106.8
0.082, J60,11.10608,10.94608,0.43,4.38217,0.35783,0.56223,1.26646,0.35176,0.76176,0.64994,1.77349,2.86572,0.27,1.04223,0.39217,0.50894,1.19378,2.45013,0.13,4.91217,0.06,2.16013,0.35,0.50223,1.29,0.40994,0.35994,0.88671,1.30565,2.98013,0.06176,0.42824,0.41822,0.09822,1.11354,0.60813,0.77627,1.40707,1.26707,0.63751,0.31814,2.51378,10.43608,0.29,0.49,2.09013,0.35013,0.59,0.26,0.32,0.43,0.51,0.53,0.15,0.09,0.35,0.22,0.22,0.29,0.49,0.83595,0.15,0.03,0.13,0.53,0.03,0.21,0.2,0.27,0.21,0.06,0.42,0.25,0.41,0.32,0.45,0.01,0.06,0.07,1.30E-04,0.29,0.35,0.29,0.45,0.05,0.05,0.24,0.47,0.33,0.2,0.14,-11.10608,54.0538,26.03778,21.6636,26.38024,35.42181,34.35018,47.15944,30.43127,49.12551,47.84796,32.70782,51.05702,46.12794,24.72164,24.72163,34.22812,25.43407,33.30291,35.29807,36.07673,41.07707,46.06803,35.96525,35.10057,50.86323,48.92855,51.9265,56.09187,36.29794,29.36726,31.34408,26.37266,31.34332,36.28541,30.34522,39.09828,62.26373,61.08689,56.05416,34.29991,34.28658,31.42897,1,106.0538,106.03778,106.6636,106.38024,106.42181,106.35018,106.15944,106.43127,106.12551,105.84796,105.84782,106.05702,106.12794,106.72164,106.72163,106.22812,106.43407,106.30291,106.29807,106.07673,106.07707,106.06803,105.96525,106.10057,105.86323,105.92855,105.9265,106.09187,106.29794,106.36726,106.34408,106.37266,106.34332,106.28541,106.34522,106.09828,106.08373,106.08689,106.05416,106.29991,106.28658,106.42897,106.8
0.1, J61,11.10505,10.94505,0.43,4.00521,0.73479,0.33179,1.26415,0.35225,0.76225,0.50342,1.62927,2.49106,0.27,0.81179,0.01521,0.45696,0.98479,3.03505,0.13,4.53521,0.06,2.74505,0.35,0.27179,1.87492,0.26342,0.21342,0.7972,1.16417,3.56505,0.06225,0.42775,0.4164,0.0964,1.11585,0.54062,0.66166,1.28758,1.14758,0.54313,0.27103,2.30479,10.43505,0.29,0.49,2.67505,0.35013,1.17492,0.26,0.32,0.43,0.51,0.53,0.15,0.09,0.35,0.22,0.22,0.29,0.49,0.25,0.15,0.03,0.13,0.53,0.03,0.21,0.2,0.27,0.21,0.06,0.42,0.25,0.41,0.32,0.45,0.01,0.06,0.07,1.30E-04,0.29,0.35,0.29,0.45,0.05,0.05,0.24,0.47,0.91492,0.2,0.14,-11.10505,54.12555,26.10953,21.66363,26.35912,35.42384,34.36516,47.21093,30.43175,49.18571,47.89662,32.75647,51.13775,46.18751,24.72166,24.72164,34.2565,25.43414,33.22007,35.20746,36.13306,41.1334,46.13,36.01365,35.14852,50.91193,48.97725,51.97527,56.14127,36.20734,29.33943,31.30348,26.34785,31.30272,36.20257,30.30462,39.14675,62.31678,61.13817,56.12555,34.2093,34.20374,31.4298,1,106.12555,106.10953,106.66363,106.35912,106.42384,106.36516,106.21093,106.43175,106.18571,105.89662,105.89647,106.13775,106.18751,106.72166,106.72164,106.2565,106.43414,106.22007,106.20746,106.13306,106.1334,106.13,106.01365,106.14852,105.91193,105.97725,105.97527,106.14127,106.20734,106.33943,106.30348,106.34785,106.30272,106.20257,106.30462,106.14675,106.13678,106.13817,106.12555,106.2093,106.20374,106.4298,106.8
0.088, J62,11.11764,10.95764,0.43,4.30353,0.43647,0.51409,1.26596,0.35187,0.76187,0.61943,1.74347,2.78757,0.27,0.99409,0.31353,0.53089,0.68647,2.45013,0.13,4.83353,0.06,2.16013,0.35,0.45409,1.29,0.37943,0.32943,0.92465,1.36554,2.98013,0.06187,0.42813,0.41783,0.09783,1.11404,0.63844,0.23723,1.45933,1.31933,0.66925,0.34629,2.60398,10.44764,0.29,0.49,2.09013,0.35013,0.59,0.26,0.32,0.43,0.51,0.53,0.15,0.09,0.35,0.22,0.22,0.29,0.49,0.25,0.74751,0.03,0.13,0.53,0.03,0.21,0.2,0.27,0.21,0.06,0.42,0.25,0.41,0.32,0.45,0.01,0.06,0.07,1.30E-04,0.29,0.35,0.29,0.45,0.05,0.05,0.24,0.47,0.33,0.2,0.14,-11.11764,54.06909,26.05308,21.66334,26.37951,35.42016,34.34271,47.13545,30.43035,49.09832,47.85765,32.71751,51.07374,46.0986,24.72149,24.72148,34.23345,25.43334,33.30218,35.29733,36.08816,41.0885,46.08084,35.97488,35.11011,50.87293,48.93825,51.93621,56.10172,36.29721,29.36652,31.34334,26.37193,31.34258,36.28467,30.34448,39.10793,62.27443,61.09717,56.06933,34.29917,34.28585,31.42789,1,106.06909,106.05308,106.66334,106.37951,106.42016,106.34271,106.13545,106.43035,106.09832,105.85765,105.85751,106.07374,106.0986,106.72149,106.72148,106.23345,106.43334,106.30218,106.29733,106.08816,106.0885,106.08084,105.97488,106.11011,105.87293,105.93825,105.93621,106.10172,106.29721,106.36652,106.34334,106.37193,106.34258,106.28467,106.34448,106.10793,106.09443,106.09717,106.06933,106.29917,106.28585,106.42789,106.8
0.094, J64,11.11604,10.36013,0.43,4.00521,0.73479,0.33179,1.26415,0.35225,0.76225,0.50342,1.62927,2.49106,0.27,0.81179,0.01521,0.45696,0.98479,2.45013,0.13,4.53521,0.06,2.16013,0.35,0.27179,1.29,0.26342,0.21342,0.7972,1.16417,2.98013,0.06225,0.42775,0.4164,0.0964,1.11585,0.54062,0.66166,1.28758,1.14758,0.54313,0.27103,2.30479,9.85013,0.29,0.49,2.09013,0.35013,0.59,0.26,0.32,0.43,0.51,0.53,0.15,0.09,0.35,0.22,0.22,0.29,0.49,0.25,0.15,0.62591,0.13,0.53,0.03,0.21,0.2,0.27,0.21,0.06,0.42,0.25,0.41,0.32,0.45,0.01,0.06,0.07,1.30E-04,0.29,0.35,0.29,0.45,0.05,0.05,0.24,0.47,0.33,0.2,0.14,-11.11604,54.15434,26.13832,21.66916,26.4091,35.45263,34.39395,47.23972,30.46054,49.2145,47.92541,32.78526,51.16654,46.2163,24.72158,24.72157,34.28529,25.46293,33.33177,35.32692,36.16185,41.16219,46.15879,36.04244,35.17731,50.94072,49.00604,52.00406,56.17006,36.3268,29.39611,31.37293,26.40152,31.37217,36.31427,30.37407,39.17554,62.34557,61.16696,56.15434,34.32876,34.31544,31.45859,1,106.15434,106.13832,106.66916,106.4091,106.45263,106.39395,106.23972,106.46054,106.2145,105.92541,105.92526,106.16654,106.2163,106.72158,106.72157,106.28529,106.46293,106.33177,106.32692,106.16185,106.16219,106.15879,106.04244,106.17731,105.94072,106.00604,106.00406,106.17006,106.3268,106.39611,106.37293,106.40152,106.37217,106.31427,106.37407,106.17554,106.16557,106.16696,106.15434,106.32876,106.31544,106.45859,106.8
0.1, J65,11.02856,10.36013,0.43,4.00521,0.73479,0.33179,1.26415,0.35225,0.76225,0.50342,1.62927,2.49106,0.27,0.81179,0.01521,0.45696,0.98479,2.45013,0.63843,4.53521,0.06,2.16013,0.35,0.27179,1.29,0.26342,0.21342,0.7972,1.16417,2.98013,0.06225,0.42775,0.4164,0.0964,1.11585,0.54062,0.66166,1.28758,1.14758,0.54313,0.27103,2.30479,9.85013,0.29,0.49,2.09013,0.35013,0.59,0.26,0.32,0.43,0.51,0.53,0.15,0.09,0.35,0.22,0.22,0.29,0.49,0.25,0.15,0.03,0.63843,0.53,0.03,0.21,0.2,0.27,0.21,0.06,0.42,0.25,0.41,0.32,0.45,0.01,0.06,0.07,1.30E-04,0.29,0.35,0.29,0.45,0.05,0.05,0.24,0.47,0.33,0.2,0.14,-11.02856,54.15541,26.1394,21.67024,26.41018,35.45371,34.39503,47.2408,30.46162,49.21557,47.92649,32.78634,51.16762,46.21738,24.72266,24.72239,34.28636,25.464,33.33285,35.328,36.16293,41.16326,46.15986,36.04352,35.17838,50.94179,49.00711,52.00513,56.17114,36.32788,29.39719,31.37401,26.4026,31.37325,36.31534,30.37515,39.17662,62.34665,61.16804,56.15541,34.32984,34.31651,31.45967,1,106.15541,106.1394,106.67024,106.41018,106.45371,106.39503,106.2408,106.46162,106.21557,105.92649,105.92634,106.16762,106.21738,106.72266,106.72239,106.28636,106.464,106.33285,106.328,106.16293,106.16326,106.15986,106.04352,106.17838,105.94179,106.00711,106.00513,106.17114,106.32788,106.39719,106.37401,106.4026,106.37325,106.31534,106.37515,106.17662,106.16665,106.16804,106.15541,106.32984,106.31651,106.45967,106.8
0.1, J66,11.111,10.951,0.43,3.92742,0.81258,0.28433,1.2637,0.35234,0.76234,0.47308,1.59938,2.41372,0.27,0.76433,0.06258,0.47631,1.06258,2.45013,0.13,5.04828,0.06,2.16013,0.35,0.22433,1.29,0.23308,0.18308,0.83053,1.21684,2.98013,0.06234,0.42766,0.41604,0.09604,1.1163,0.56574,0.70432,1.33206,1.19206,0.57827,0.28857,2.38258,10.441,0.29,0.49,2.09013,0.35013,0.59,0.26,0.32,0.43,0.51,0.53,0.15,0.09,0.35,0.22,0.22,0.29,0.49,0.25,0.15,0.03,0.13,1.12087,0.03,0.21,0.2,0.27,0.21,0.06,0.42,0.25,0.41,0.32,0.45,0.01,0.06,0.07,1.30E-04,0.29,0.35,0.29,0.45,0.05,0.05,0.24,0.47,0.33,0.2,0.14,-11.111,54.09377,26.07775,21.6635,26.37995,35.42276,34.35941,47.192,30.43124,49.16368,47.86128,32.72114,51.10848,46.16571,24.72158,24.72157,34.21717,25.43378,33.30262,35.29777,36.0991,41.09943,46.09688,35.97827,35.11304,50.8766,48.94192,51.93995,56.10608,36.29765,29.36696,31.34378,26.37237,31.34302,36.28512,30.34492,39.11137,62.28221,61.10332,56.09376,34.29961,34.28629,31.42917,1,106.09377,106.07775,106.6635,106.37995,106.42276,106.35941,106.192,106.43124,106.16368,105.86128,105.86114,106.10848,106.16571,106.72158,106.72157,106.21717,106.43378,106.30262,106.29777,106.0991,106.09943,106.09688,105.97827,106.11304,105.8766,105.94192,105.93995,106.10608,106.29765,106.36696,106.34378,106.37237,106.34302,106.28512,106.34492,106.11137,106.10221,106.10332,106.09376,106.29961,106.28629,106.42917,106.8
0.1, J67,11.03514,10.87514,0.43,4.00521,0.73479,0.33179,1.26415,0.35225,0.76225,0.50342,1.62927,2.49106,0.27,0.81179,0.01521,0.45696,0.98479,2.45013,0.13,4.53521,0.06,2.16013,0.35,0.27179,1.29,0.26342,0.21342,0.7972,1.16417,2.98013,0.06225,0.42775,0.4164,0.0964,1.11585,0.54062,0.66166,1.28758,1.14758,0.54313,0.27103,2.30479,10.36514,0.29,0.49,2.09013,0.35013,0.59,0.26,0.32,0.43,0.51,0.53,0.15,0.09,0.35,0.22,0.22,0.29,0.49,0.25,0.15,0.03,0.13,0.53,0.54501,0.21,0.2,0.27,0.21,0.06,0.42,0.25,0.41,0.32,0.45,0.01,0.06,0.07,1.30E-04,0.29,0.35,0.29,0.45,0.05,0.05,0.24,0.47,0.33,0.2,0.14,-11.03514,54.13001,26.11399,21.66523,26.38477,35.4283,34.36963,47.21539,30.43622,49.19017,47.90108,32.76094,51.14221,46.19198,24.72257,24.72256,34.26096,25.4386,33.30744,35.30259,36.13752,41.13786,46.13446,36.01812,35.15298,50.91639,48.98171,51.97973,56.14574,36.30247,29.37179,31.34861,26.37719,31.34784,36.28994,30.34975,39.15121,62.32124,61.14263,56.13001,34.30443,34.29111,31.43427,1,106.13001,106.11399,106.66523,106.38477,106.4283,106.36963,106.21539,106.43622,106.19017,105.90108,105.90094,106.14221,106.19198,106.72257,106.72256,106.26096,106.4386,106.30744,106.30259,106.13752,106.13786,106.13446,106.01812,106.15298,105.91639,105.98171,105.97973,106.14574,106.30247,106.37179,106.34861,106.37719,106.34784,106.28994,106.34975,106.15121,106.14124,106.14263,106.13001,106.30443,106.29111,106.43427,106.8
0.1, J68,11.10279,10.94279,0.43,4.00521,0.73479,0.33179,1.26415,0.35225,0.76225,0.50342,1.62927,2.49106,0.27,0.81179,0.01521,0.45696,0.98479,3.03279,0.13,4.53521,0.06,2.74279,0.35,0.27179,1.87266,0.26342,0.21342,0.7972,1.16417,3.56279,0.06225,0.42775,0.4164,0.0964,1.11585,0.54062,0.66166,1.28758,1.14758,0.54313,0.27103,2.30479,10.43279,0.29,0.49,2.67279,0.35013,0.59,0.26,0.32,0.43,0.51,0.53,0.15,0.09,0.35,0.22,0.22,0.29,0.49,0.25,0.15,0.03,0.13,0.53,0.03,0.79266,0.2,0.27,0.21,0.06,0.42,0.25,0.41,0.32,0.45,0.01,0.06,0.07,1.30E-04,0.29,0.35,0.29,0.45,0.05,0.05,0.24,0.47,0.33,0.2,0.14,-11.10279,54.12571,26.10969,21.66369,26.35941,35.424,34.36533,47.21109,30.43192,49.18587,47.89678,32.75664,51.13791,46.18768,24.72169,24.72168,34.25666,25.4343,33.2208,35.21595,36.13322,41.13356,46.13016,36.01382,35.14868,50.91209,48.97741,51.97543,56.14144,36.21583,29.33975,31.30389,26.34816,31.30313,36.2033,30.30503,39.14691,62.31694,61.13833,56.12571,34.21779,34.20447,31.42997,1,106.12571,106.10969,106.66369,106.35941,106.424,106.36533,106.21109,106.43192,106.18587,105.89678,105.89664,106.13791,106.18768,106.72169,106.72168,106.25666,106.4343,106.2208,106.21595,106.13322,106.13356,106.13016,106.01382,106.14868,105.91209,105.97741,105.97543,106.14144,106.21583,106.33975,106.30389,106.34816,106.30313,106.2033,106.30503,106.14691,106.13694,106.13833,106.12571,106.21779,106.20447,106.42997,106.8
0.1, J69,11.11337,10.95337,0.43,4.00521,0.73479,0.33179,1.26415,0.35225,0.76225,0.50342,1.62927,2.49106,0.27,0.81179,0.01521,0.45696,0.98479,3.04337,0.13,4.53521,0.06,2.75337,0.35,0.27179,1.88324,0.26342,0.21342,0.7972,1.16417,3.57337,0.06225,0.42775,0.4164,0.0964,1.11585,0.54062,0.66166,1.28758,1.14758,0.54313,0.27103,2.30479,10.44337,0.29,0.49,2.68337,0.35013,1.18324,0.85324,0.32,0.43,0.51,0.53,0.15,0.09,0.35,0.22,0.22,0.29,0.49,0.25,0.15,0.03,0.13,0.53,0.03,0.21,0.79324,0.27,0.21,0.06,0.42,0.25,0.41,0.32,0.45,0.01,0.06,0.07,1.30E-04,0.29,0.35,0.29,0.45,0.05,0.05,0.24,0.47,0.33,0.2,0.14,-11.11337,54.12502,26.109,21.66344,26.35827,35.42331,34.36463,47.2104,30.43122,49.18518,47.89609,32.75594,51.13722,46.18699,24.72155,24.72153,34.25597,25.43361,33.21821,35.19067,36.13253,41.13287,46.12947,36.01312,35.14799,50.9114,48.97672,51.97474,56.14074,36.19055,29.33847,31.30232,26.34694,31.30156,36.20071,30.30346,39.14622,62.31625,61.13764,56.12502,34.2073,34.20188,31.42927,1,106.12502,106.109,106.66344,106.35827,106.42331,106.36463,106.2104,106.43122,106.18518,105.89609,105.89594,106.13722,106.18699,106.72155,106.72153,106.25597,106.43361,106.21821,106.19067,106.13253,106.13287,106.12947,106.01312,106.14799,105.9114,105.97672,105.97474,106.14074,106.19055,106.33847,106.30232,106.34694,106.30156,106.20071,106.30346,106.14622,106.13625,106.13764,106.12502,106.2073,106.20188,106.42927,106.8
0.098, J70,11.10964,10.94964,0.43,4.00521,0.73479,0.33179,1.26415,0.35225,0.76225,0.50342,1.62927,2.49106,0.27,0.81179,0.01521,0.45696,0.98479,3.03964,0.13,4.53521,0.64951,2.74964,0.35,0.27179,1.87951,0.26342,0.21342,0.7972,1.16417,3.56964,0.06225,0.42775,0.4164,0.0964,1.11585,0.54062,0.66166,1.28758,1.14758,0.54313,0.27103,2.30479,10.43964,0.29,0.49,2.67964,0.35013,1.17951,0.84951,0.32,0.43,0.51,0.53,0.15,0.09,0.35,0.22,0.22,0.29,0.49,0.25,0.15,0.03,0.13,0.53,0.03,0.21,0.2,0.27,0.21,0.06,0.42,0.25,0.41,0.32,0.45,0.01,0.64951,0.07,1.30E-04,0.29,0.35,0.29,0.45,0.05,0.05,0.24,0.47,0.33,0.2,0.14,-11.10964,54.12525,26.10924,21.66352,26.35865,35.42355,34.36487,47.21064,30.43146,49.18541,47.89633,32.75618,51.13746,46.18722,24.7216,24.72158,34.2562,25.43384,33.21905,35.19171,36.13277,41.13311,46.1297,36.01336,35.14822,50.91163,48.97695,51.97497,56.14098,36.1816,29.3389,31.30284,26.34735,31.30208,36.20154,30.30398,39.14646,62.31649,61.13788,56.12525,34.2082,34.20271,31.42951,1,106.12525,106.10924,106.66352,106.35865,106.42355,106.36487,106.21064,106.43146,106.18541,105.89633,105.89618,106.13746,106.18722,106.7216,106.72158,106.2562,106.43384,106.21905,106.19171,106.13277,106.13311,106.1297,106.01336,106.14822,105.91163,105.97695,105.97497,106.14098,106.1816,106.3389,106.30284,106.34735,106.30208,106.20154,106.30398,106.14646,106.13649,106.13788,106.12525,106.2082,106.20271,106.42951,106.8
0.1, J71,11.06995,10.90995,0.43,4.00521,0.73479,0.33179,1.26415,0.35225,0.76225,0.50342,1.62927,2.49106,0.27,0.81179,0.01521,0.45696,0.98479,2.99995,0.13,4.53521,0.06,2.70995,0.35,0.27179,1.29,0.26342,0.21342,0.7972,1.16417,3.52995,0.06225,0.42775,0.4164,0.0964,1.11585,0.54062,0.66166,1.28758,1.14758,0.54313,0.27103,2.30479,10.39995,0.29,0.49,2.09013,0.35013,0.59,0.26,0.32,0.43,0.51,0.53,0.15,0.09,0.35,0.22,0.22,0.29,0.49,0.25,0.15,0.03,0.13,0.53,0.03,0.21,0.2,0.27,0.21,0.06,0.42,0.25,0.41,0.32,0.45,0.01,0.06,0.61982,1.30E-04,0.29,0.35,0.29,0.45,0.05,0.05,0.24,0.47,0.33,0.2,0.14,-11.06995,54.1278,26.11178,21.66444,26.36278,35.42609,34.36742,47.21318,30.43401,49.18796,47.89887,32.75873,51.14,46.18977,24.72212,24.72211,34.25875,25.43639,33.27919,35.27435,36.13531,41.13565,46.13225,36.01591,35.15077,50.91418,48.9795,51.97752,56.14353,36.27422,29.34354,31.32036,26.35176,31.3196,36.26169,30.3215,39.149,62.31903,61.14042,56.1278,34.27619,34.26286,31.43206,1,106.1278,106.11178,106.66444,106.36278,106.42609,106.36742,106.21318,106.43401,106.18796,105.89887,105.89873,106.14,106.18977,106.72212,106.72211,106.25875,106.43639,106.27919,106.27435,106.13531,106.13565,106.13225,106.01591,106.15077,105.91418,105.9795,105.97752,106.14353,106.27422,106.34354,106.32036,106.35176,106.3196,106.26169,106.3215,106.149,106.13903,106.14042,106.1278,106.27619,106.26286,106.43206,106.8
0.1, J72,11.07965,10.91965,0.43,4.00521,0.73479,0.33179,1.26415,0.35225,0.76225,0.50342,1.62927,2.49106,0.27,0.81179,0.01521,0.45696,0.98479,3.00965,0.13,4.53521,0.06,2.71965,0.35,0.27179,1.29,0.26342,0.21342,0.7972,1.16417,3.53965,0.06225,0.42775,0.4164,0.0964,1.11585,0.54062,0.66166,1.28758,1.14758,0.54313,0.27103,2.30479,10.40965,0.29,0.49,2.64965,0.90965,0.59,0.26,0.32,0.43,0.51,0.53,0.15,0.09,0.35,0.22,0.22,0.29,0.49,0.25,0.15,0.03,0.13,0.53,0.03,0.21,0.2,0.27,0.21,0.06,0.42,0.25,0.41,0.32,0.45,0.01,0.06,0.07,0.55965,0.29,0.35,0.29,0.45,0.05,0.05,0.24,0.47,0.33,0.2,0.14,-11.07965,54.12716,26.11114,21.66421,26.36173,35.42545,34.36678,47.21254,30.43337,49.18732,47.89823,32.75809,51.13937,46.18913,24.72199,24.72198,34.25811,25.43575,33.26585,35.261,36.13468,41.13501,46.13161,36.01527,35.15013,50.91354,48.97886,51.97688,56.14289,36.26088,29.34235,31.30147,26.35063,31.30071,36.24834,30.30815,39.14836,62.31839,61.13979,56.12716,34.26284,34.24951,31.43142,1,106.12716,106.11114,106.66421,106.36173,106.42545,106.36678,106.21254,106.43337,106.18732,105.89823,105.89809,106.13937,106.18913,106.72199,106.72198,106.25811,106.43575,106.26585,106.261,106.13468,106.13501,106.13161,106.01527,106.15013,105.91354,105.97886,105.97688,106.14289,106.26088,106.34235,106.30147,106.35063,106.30071,106.24834,106.30815,106.14836,106.13839,106.13979,106.12716,106.26284,106.24951,106.43142,106.8
0.1, J73,11.04347,10.88347,0.43,4.00521,0.73479,0.33179,1.26415,0.35225,0.76225,0.50342,1.62927,2.49106,0.27,0.81179,0.01521,0.45696,0.98479,2.97347,0.13,4.53521,0.06,2.16013,0.35,0.27179,1.29,0.26342,0.21342,0.7972,1.16417,3.50347,0.06225,0.42775,0.4164,0.0964,1.11585,0.54062,0.66166,1.28758,1.14758,0.54313,0.27103,2.30479,10.37347,0.29,0.49,2.09013,0.35013,0.59,0.26,0.32,0.43,0.51,0.53,0.15,0.09,0.35,0.22,0.22,0.29,0.49,0.25,0.15,0.03,0.13,0.53,0.03,0.21,0.2,0.27,0.21,0.06,0.42,0.25,0.41,0.32,0.45,0.01,0.06,0.07,1.30E-04,0.81334,0.35,0.29,0.45,0.05,0.05,0.24,0.47,0.33,0.2,0.14,-11.04347,54.12948,26.11346,21.66504,26.36549,35.42777,34.3691,47.21486,30.43569,49.18964,47.90055,32.76041,51.14169,46.19145,24.72247,24.72245,34.26043,25.43807,33.2849,35.28005,36.137,41.13733,46.13393,36.01759,35.15245,50.91586,48.98118,51.9792,56.14521,36.27993,29.34924,31.32606,26.35465,31.3253,36.26739,30.3272,39.15068,62.32071,61.14211,56.12948,34.28189,34.26857,31.43374,1,106.12948,106.11346,106.66504,106.36549,106.42777,106.3691,106.21486,106.43569,106.18964,105.90055,105.90041,106.14169,106.19145,106.72247,106.72245,106.26043,106.43807,106.2849,106.28005,106.137,106.13733,106.13393,106.01759,106.15245,105.91586,105.98118,105.9792,106.14521,106.27993,106.34924,106.32606,106.35465,106.3253,106.26739,106.3272,106.15068,106.14071,106.14211,106.12948,106.28189,106.26857,106.43374,106.8
0.1, J74,11.07961,10.91961,0.43,4.00521,0.73479,0.33179,1.26415,0.35225,0.76225,0.50342,1.62927,2.49106,0.27,0.81179,0.01521,0.45696,0.98479,3.00961,0.13,4.53521,0.06,2.71961,0.90948,0.27179,1.29,0.26342,0.21342,0.7972,1.16417,3.53961,0.06225,0.42775,0.4164,0.0964,1.11585,0.54062,0.66166,1.28758,1.14758,0.54313,0.27103,2.30479,10.40961,0.29,0.49,2.64961,0.90961,0.59,0.26,0.32,0.43,0.51,0.53,0.15,0.09,0.35,0.22,0.22,0.29,0.49,0.25,0.15,0.03,0.13,0.53,0.03,0.21,0.2,0.27,0.21,0.06,0.42,0.25,0.41,0.32,0.45,0.01,0.06,0.07,1.30E-04,0.29,0.90948,0.29,0.45,0.05,0.05,0.24,0.47,0.33,0.2,0.14,-11.07961,54.12716,26.11115,21.66421,26.36173,35.42545,34.36678,47.21254,30.43337,49.18732,47.89823,32.75809,51.13937,46.18913,24.72199,24.72198,34.25811,25.43575,33.26585,35.261,36.13468,41.13501,46.13161,36.01527,35.15013,50.91354,48.97886,51.97688,56.14289,36.26088,29.34235,31.30147,26.35063,31.29702,36.24835,30.30816,39.14837,62.3184,61.13979,56.12716,34.26284,34.24952,31.43142,1,106.12716,106.11115,106.66421,106.36173,106.42545,106.36678,106.21254,106.43337,106.18732,105.89823,105.89809,106.13937,106.18913,106.72199,106.72198,106.25811,106.43575,106.26585,106.261,106.13468,106.13501,106.13161,106.01527,106.15013,105.91354,105.97886,105.97688,106.14289,106.26088,106.34235,106.30147,106.35063,106.29702,106.24835,106.30816,106.14837,106.1384,106.13979,106.12716,106.26284,106.24952,106.43142,106.8
0.098, J76,11.1093,10.9493,0.43,4.00521,0.73479,0.33179,1.26415,0.35225,0.76225,0.50342,1.62927,2.49106,0.27,0.81179,0.01521,0.45696,0.98479,3.0393,0.13,4.53521,0.06,2.7493,0.35,0.27179,1.87917,0.26342,0.21342,0.7972,1.16417,3.5693,0.06225,0.42775,0.4164,0.0964,1.11585,0.54062,0.66166,1.28758,1.14758,0.54313,0.27103,2.30479,10.4393,0.87917,1.07917,2.6793,0.35013,0.59,0.26,0.32,0.43,0.51,0.53,0.15,0.09,0.35,0.22,0.22,0.29,0.49,0.25,0.15,0.03,0.13,0.53,0.03,0.21,0.2,0.27,0.21,0.06,0.42,0.25,0.41,0.32,0.45,0.01,0.06,0.07,1.30E-04,0.29,0.35,0.87917,0.45,0.05,0.05,0.24,0.47,0.33,0.2,0.14,-11.1093,54.12528,26.10926,21.66353,26.35869,35.42357,34.36489,47.21066,30.43148,49.18544,47.89635,32.7562,51.13748,46.18724,24.7216,24.72159,34.25623,25.43387,33.21912,35.21427,36.13279,41.13313,46.12973,36.01338,35.14825,50.91166,48.97698,51.975,56.141,36.21415,29.33894,31.30289,26.34739,31.30213,36.13951,30.30403,39.14648,62.31651,61.1379,56.12528,34.21611,34.14864,31.42953,1,106.12528,106.10926,106.66353,106.35869,106.42357,106.36489,106.21066,106.43148,106.18544,105.89635,105.8962,106.13748,106.18724,106.7216,106.72159,106.25623,106.43387,106.21912,106.21427,106.13279,106.13313,106.12973,106.01338,106.14825,105.91166,105.97698,105.975,106.141,106.21415,106.33894,106.30289,106.34739,106.30213,106.13951,106.30403,106.14648,106.13651,106.1379,106.12528,106.21611,106.14864,106.42953,106.8
0.1, J77,11.07827,10.91827,0.43,4.00521,0.73479,0.33179,1.26415,0.35225,0.76225,0.50342,1.62927,2.49106,0.27,0.81179,0.01521,0.45696,0.98479,3.00827,0.13,4.53521,0.06,2.71827,0.35,0.27179,1.29,0.26342,0.21342,0.7972,1.16417,3.53827,0.06225,0.42775,0.4164,0.0964,1.11585,0.54062,0.66166,1.28758,1.14758,0.54313,0.27103,2.30479,10.40827,0.29,0.49,2.64827,0.35013,0.59,0.26,0.32,0.43,0.51,0.53,0.15,0.09,0.35,0.22,0.22,0.29,0.49,0.25,0.15,0.03,0.13,0.53,0.03,0.21,0.2,0.27,0.21,0.06,0.42,0.25,0.41,0.32,0.45,0.01,0.06,0.07,1.30E-04,0.29,0.35,0.29,1.00814,0.05,0.05,0.24,0.47,0.33,0.2,0.14,-11.07827,54.12727,26.11125,21.66425,26.36193,35.42556,34.36689,47.21265,30.43348,49.18743,47.89834,32.7582,51.13947,46.18924,24.72201,24.722,34.25822,25.43586,33.26614,35.2613,36.13478,41.13512,46.13172,36.01538,35.15024,50.91365,48.97897,51.97699,56.143,36.26117,29.34258,31.30731,26.35085,31.30655,36.24864,30.30845,39.14847,62.3185,61.1399,56.12727,34.26314,34.24981,31.43153,1,106.12727,106.11125,106.66425,106.36193,106.42556,106.36689,106.21265,106.43348,106.18743,105.89834,105.8982,106.13947,106.18924,106.72201,106.722,106.25822,106.43586,106.26614,106.2613,106.13478,106.13512,106.13172,106.01538,106.15024,105.91365,105.97897,105.97699,106.143,106.26117,106.34258,106.30731,106.35085,106.30655,106.24864,106.30845,106.14847,106.1385,106.1399,106.12727,106.26314,106.24981,106.43153,106.8
0.076, J84,11.11975,10.95975,0.43,4.45462,0.885,0.37945,1.26945,0.35112,0.76112,0.90517,2.02572,2.93517,0.27,0.85945,0.135,0.49432,1.135,2.45013,0.13,4.98462,0.06,2.16013,0.35,0.31945,1.29,0.66517,0.01555,0.86154,1.26586,2.98013,0.06112,0.42888,0.42057,0.10057,1.11055,0.58914,0.74403,1.37346,1.23346,0.61097,0.30489,2.455,10.44975,0.29,0.49,2.09013,0.35013,0.59,0.26,0.32,0.43,0.51,0.53,0.15,0.09,0.35,0.22,0.22,0.29,0.49,0.25,0.15,0.03,0.13,0.53,0.03,0.21,0.2,0.27,0.21,0.06,0.42,0.25,0.41,0.32,0.45,0.01,0.06,0.07,1.30E-04,0.29,0.35,0.29,0.45,0.05,0.64962,0.24,0.47,0.33,0.2,0.14,-11.11975,54.06256,26.04655,21.66329,26.37938,35.42151,34.35364,47.17353,30.43052,49.14216,47.83658,32.69644,51.07979,46.14441,24.72147,24.72145,34.22159,25.4332,33.30204,35.2972,36.07254,41.07287,46.06851,35.95419,35.09011,50.8518,48.91711,51.91496,56.07951,36.29707,29.36639,31.34321,26.37179,31.34245,36.28454,30.34435,39.08771,62.24257,61.07032,56.06251,34.29904,34.28571,31.42833,1,106.06256,106.04655,106.66329,106.37938,106.42151,106.35364,106.17353,106.43052,106.14216,105.83658,105.83644,106.07979,106.14441,106.72147,106.72145,106.22159,106.4332,106.30204,106.2972,106.07254,106.07287,106.06851,105.95419,106.09011,105.8518,105.91711,105.91496,106.07951,106.29707,106.36639,106.34321,106.37179,106.34245,106.28454,106.34435,106.08771,106.06257,106.07032,106.06251,106.29904,106.28571,106.42833,106.8
0.076, J85,11.11407,10.95407,0.43,4.45792,0.87602,0.32776,1.27011,0.35098,0.76098,0.96016,2.08005,2.93781,0.27,0.80776,0.12602,0.49209,1.12602,2.45013,0.13,4.98792,0.06,2.16013,0.35,0.26776,1.29,0.12622,0.07622,0.85769,1.25978,2.98013,0.06098,0.42902,0.42109,0.10109,1.10989,0.58624,0.73911,1.36833,1.22833,0.60691,0.30287,2.44602,10.44407,0.29,0.49,2.09013,0.35013,0.59,0.26,0.32,0.43,0.51,0.53,0.15,0.09,0.35,0.22,0.22,0.29,0.49,0.25,0.15,0.03,0.13,0.53,0.03,0.21,0.2,0.27,0.21,0.06,0.42,0.25,0.41,0.32,0.45,0.01,0.06,0.07,1.30E-04,0.29,0.35,0.29,0.45,0.05,0.05,0.83394,0.47,0.33,0.2,0.14,-11.11407,54.06679,26.05078,21.66342,26.37974,35.42195,34.35465,47.17614,30.4309,49.14516,47.8363,32.69616,51.0837,46.14738,24.72154,24.72153,34.22169,25.43356,33.30241,35.29756,36.07406,41.0744,46.07107,35.95398,35.09003,50.85151,48.91681,51.91465,56.07902,36.29744,29.36675,31.34357,26.37215,31.34281,36.2849,30.34471,39.08763,62.24841,61.06877,56.06675,34.2994,34.28607,31.42872,1,106.06679,106.05078,106.66342,106.37974,106.42195,106.35465,106.17614,106.4309,106.14516,105.8363,105.83616,106.0837,106.14738,106.72154,106.72153,106.22169,106.43356,106.30241,106.29756,106.07406,106.0744,106.07107,105.95398,106.09003,105.85151,105.91681,105.91465,106.07902,106.29744,106.36675,106.34357,106.37215,106.34281,106.2849,106.34471,106.08763,106.06841,106.06877,106.06675,106.2994,106.28607,106.42872,106.8
0.08, J86,11.11907,10.95907,0.43,4.41657,0.92237,0.58329,1.26668,0.35171,0.76171,0.66328,1.78661,2.89989,0.27,1.06329,0.17237,0.50361,1.17237,2.45013,0.13,4.94657,0.06,2.16013,0.35,0.52329,1.29,0.42328,0.37328,0.87754,1.29115,2.98013,0.06171,0.42829,0.41839,0.09839,1.11332,0.60121,0.76453,1.39483,1.25483,0.62784,0.31331,2.49237,10.44907,0.29,0.49,2.09013,0.35013,0.59,0.26,0.32,0.43,0.51,0.53,0.15,0.09,0.35,0.22,0.22,0.29,0.49,0.25,0.15,0.03,0.13,0.53,0.03,0.21,0.2,0.27,0.21,0.06,0.42,0.25,0.41,0.32,0.45,0.01,0.06,0.07,1.30E-04,0.29,0.35,0.29,0.45,0.05,0.05,0.24,1.06894,0.33,0.2,0.14,-11.11907,54.04629,26.03028,21.66331,26.37942,35.42119,34.35094,47.16411,30.43049,49.13112,47.84253,32.70239,51.06489,46.13348,24.72147,24.72146,34.22462,25.43324,33.30209,35.29724,36.07052,41.07085,46.06118,35.95984,35.0952,50.8578,48.92311,51.92105,56.08637,36.29712,29.36643,31.34325,26.37184,31.34249,36.28458,30.34439,39.09286,62.25784,61.0812,56.04621,34.29908,34.28575,31.42823,1,106.04629,106.03028,106.66331,106.37942,106.42119,106.35094,106.16411,106.43049,106.13112,105.84253,105.84239,106.06489,106.13348,106.72147,106.72146,106.22462,106.43324,106.30209,106.29724,106.07052,106.07085,106.06118,105.95984,106.0952,105.8578,105.92311,105.92105,106.08637,106.29712,106.36643,106.34325,106.37184,106.34249,106.28458,106.34439,106.09286,106.07784,106.0812,106.04621,106.29908,106.28575,106.42823,106.8
0.1, J92,11.10454,10.94454,0.43,4.00521,0.73479,0.33179,1.26415,0.35225,0.76225,0.50342,1.62927,2.49106,0.27,0.81179,0.01521,0.45696,0.98479,3.03454,0.13,4.53521,0.06,2.74454,0.35,0.27179,1.87441,0.26342,0.21342,0.7972,1.16417,3.56454,0.06225,0.42775,0.4164,0.0964,1.11585,0.54062,0.66166,1.28758,1.14758,0.54313,0.27103,2.30479,10.43454,0.29,1.07441,2.67454,0.35013,0.59,0.26,0.32,0.43,0.51,0.53,0.15,0.09,0.35,0.22,0.22,0.29,0.49,0.25,0.15,0.03,0.13,0.53,0.03,0.21,0.2,0.27,0.21,0.06,0.42,0.25,0.41,0.32,0.45,0.01,0.06,0.07,1.30E-04,0.29,0.35,0.29,0.45,0.05,0.05,0.24,0.47,0.33,0.78441,0.14,-11.10454,54.12558,26.10956,21.66364,26.35918,35.42387,34.3652,47.21096,30.43179,49.18574,47.89665,32.75651,51.13778,46.18755,24.72166,24.72165,34.25653,25.43417,33.22018,35.21533,36.13309,41.13343,46.13003,36.01369,35.14855,50.91196,48.97728,51.9753,56.14131,36.21521,29.33949,31.30355,26.34791,31.30279,36.1491,30.30469,39.14678,62.31681,61.1382,56.12558,34.21717,34.15027,31.42984,1,106.12558,106.10956,106.66364,106.35918,106.42387,106.3652,106.21096,106.43179,106.18574,105.89665,105.89651,106.13778,106.18755,106.72166,106.72165,106.25653,106.43417,106.22018,106.21533,106.13309,106.13343,106.13003,106.01369,106.14855,105.91196,105.97728,105.9753,106.14131,106.21521,106.33949,106.30355,106.34791,106.30279,106.1491,106.30469,106.14678,106.13681,106.1382,106.12558,106.21717,106.15027,106.42984,106.8
0.1, J118,11.08782,10.92782,0.43,4.00921,0.73079,0.33423,1.26417,0.35224,0.76224,0.50498,1.63081,2.49504,0.27,0.81423,0.01921,0.45171,0.98079,2.45013,0.13,4.53921,0.06,2.16013,0.35,0.27423,1.29,0.26498,0.21498,0.80066,1.16236,2.98013,0.06224,0.42776,0.41642,0.09642,1.11583,0.53842,0.65888,1.84782,1.14013,0.5419,0.27046,2.86848,10.41782,0.29,0.49,2.09013,0.35013,0.59,0.26,0.32,0.43,0.51,0.53,0.15,0.09,0.35,0.22,0.22,0.29,0.49,0.25,0.15,0.03,0.13,0.53,0.03,0.21,0.2,0.27,0.21,0.06,0.42,0.25,0.41,0.32,0.45,0.01,0.06,0.07,1.30E-04,0.29,0.35,0.29,0.45,0.05,0.05,0.24,0.47,0.33,0.2,0.70769,-11.08782,54.12597,26.10995,21.66403,26.38143,35.42199,34.36456,47.21076,30.43168,49.18565,47.89724,32.75709,51.13805,46.18744,24.72189,24.72187,34.25732,25.43525,33.3041,35.29925,36.13361,41.13394,46.13049,36.01427,35.14914,50.91254,48.97786,51.97588,56.14188,36.29912,29.36844,31.34526,26.37384,31.3445,36.28659,30.3464,39.14737,62.31736,61.13876,56.12597,34.30109,34.28776,31.42788,1,106.12597,106.10995,106.66403,106.38143,106.42199,106.36456,106.21076,106.43168,106.18565,105.89724,105.89709,106.13805,106.18744,106.72189,106.72187,106.25732,106.43525,106.3041,106.29925,106.13361,106.13394,106.13049,106.01427,106.14914,105.91254,105.97786,105.97588,106.14188,106.29912,106.36844,106.34526,106.37384,106.3445,106.28659,106.3464,106.14737,106.13736,106.13876,106.12597,106.30109,106.28776,106.42788,106.8
0.08, J219,11.1083,10.9483,0.43,4.4085,0.91967,0.57835,1.26662,0.35173,0.76173,0.66015,1.78353,2.89188,0.27,1.05835,0.4185,0.50294,1.16967,2.45013,0.13,4.9385,0.06,2.16013,0.35,0.51835,1.29,0.42015,0.37015,0.87638,1.28933,2.98013,0.06173,0.42827,0.41835,0.09835,1.11338,0.60034,0.76305,1.39328,1.25328,0.62662,0.31271,2.48967,10.4383,0.29,0.49,2.09013,0.35013,0.59,0.26,0.90817,0.43,0.51,0.53,0.15,0.09,0.35,0.22,0.22,0.29,0.49,0.25,0.15,0.03,0.13,0.53,0.03,0.21,0.2,0.27,0.21,0.06,0.42,0.25,0.41,0.32,0.45,0.01,0.06,0.07,1.30E-04,0.29,0.35,0.29,0.45,0.05,0.05,0.24,0.47,0.33,0.2,0.14,-11.1083,54.04817,26.03215,21.66355,26.3801,35.4219,34.35183,47.16548,30.43118,49.13261,47.8443,32.70416,51.06666,46.13497,24.72162,24.7216,34.22593,25.43393,33.30277,35.29793,36.07247,41.07281,46.06329,35.9616,35.09696,50.85957,48.92488,51.92282,56.08815,36.2978,29.36712,31.34394,26.37252,31.34318,36.28527,30.34508,39.09463,62.25972,61.08303,56.04858,34.29977,34.28644,31.42892,1,106.04817,106.03215,106.66355,106.3801,106.4219,106.35183,106.16548,106.43118,106.13261,105.8443,105.84416,106.06666,106.13497,106.72162,106.7216,106.22593,106.43393,106.30277,106.29793,106.07247,106.07281,106.06329,105.9616,106.09696,105.85957,105.92488,105.92282,106.08815,106.2978,106.36712,106.34394,106.37252,106.34318,106.28527,106.34508,106.09463,106.07972,106.08303,106.04858,106.29977,106.28644,106.42892,106.8
0.1, J220,11.03009,10.87009,0.93996,4.35544,0.89452,0.54587,1.26629,0.3518,0.7618,0.63958,1.76329,2.83916,0.27,1.02587,0.36544,0.49669,1.14452,2.45013,0.13,4.88544,0.06,2.16013,0.35,0.48587,1.29,0.39958,0.34958,0.86561,1.2723,2.98013,0.0618,0.4282,0.41808,0.09808,1.11371,0.59221,0.74925,1.3789,1.2389,0.61527,0.30704,2.46452,10.36009,0.29,0.49,2.09013,0.35013,0.59,0.26,0.32,0.93996,0.51,0.53,0.15,0.09,0.35,0.22,0.22,0.29,0.49,0.25,0.15,0.03,0.13,0.53,0.03,0.21,0.2,0.27,0.21,0.06,0.42,0.25,0.41,0.32,0.45,0.01,0.06,0.07,1.30E-04,0.29,0.35,0.29,0.45,0.05,0.05,0.24,0.47,0.33,0.2,0.14,-11.03009,54.06413,25.99596,21.66534,26.38506,35.4271,34.35864,47.17682,30.43619,49.14505,47.85634,32.7162,51.0817,46.14732,24.72263,24.72262,34.23501,25.43889,33.30773,35.30289,36.08571,41.08605,46.0775,35.97361,35.1089,50.87162,48.93693,51.93489,56.10031,36.30276,29.37208,31.3489,26.37748,31.34814,36.29023,30.35004,39.10665,62.27246,61.09547,56.06445,34.30473,34.2914,31.43398,1,106.06413,105.99596,106.66534,106.38506,106.4271,106.35864,106.17682,106.43619,106.14505,105.85634,105.8562,106.0817,106.14732,106.72263,106.72262,106.23501,106.43889,106.30773,106.30289,106.08571,106.08605,106.0775,105.97361,106.1089,105.87162,105.93693,105.93489,106.10031,106.30276,106.37208,106.3489,106.37748,106.34814,106.29023,106.35004,106.10665,106.09246,106.09547,106.06445,106.30473,106.2914,106.43398,106.8
0.086, J236,11.11371,10.95371,0.43,4.46689,0.86669,0.26254,1.57323,0.7286,1.1386,0.44077,1.85113,2.64366,0.27,0.74254,0.11669,0.48977,1.11669,2.45013,0.13,4.99689,0.06,2.16013,0.35,0.20254,1.29,0.20077,0.15077,0.8537,1.25347,2.98013,0.15498,0.64498,0.50825,0.18825,1.40035,0.58322,0.73399,1.36299,1.22299,0.6027,0.30077,2.43669,10.44371,0.29,0.49,2.09013,0.35013,0.59,0.26,0.32,0.43,0.51,0.53,0.15,0.09,0.35,0.22,0.22,0.88358,0.49,0.25,0.15,0.03,0.13,0.53,0.03,0.21,0.2,0.27,0.21,0.06,0.42,0.25,0.41,0.32,0.45,0.01,0.06,0.07,1.30E-04,0.29,0.35,0.29,0.45,0.05,0.05,0.24,0.47,0.33,0.2,0.14,-11.11371,54.07081,26.0548,21.66343,26.37976,35.42206,34.35535,47.17849,30.43094,49.14791,47.63514,32.49593,51.08738,46.1501,24.72154,24.72153,34.22101,25.43359,33.30243,35.29758,36.07522,41.07556,46.07335,35.88663,35.08885,50.69396,48.83397,51.82713,56.07994,36.29746,29.36677,31.34359,26.37218,31.34283,36.28492,30.34473,39.08688,62.25668,61.07752,56.07077,34.29942,34.2861,31.42878,1,106.07081,106.0548,106.66343,106.37976,106.42206,106.35535,106.17849,106.43094,106.14791,105.63514,105.63593,106.08738,106.1501,106.72154,106.72153,106.22101,106.43359,106.30243,106.29758,106.07522,106.07556,106.07335,105.88663,106.08885,105.69396,105.83397,105.82713,106.07994,106.29746,106.36677,106.34359,106.37218,106.34283,106.28492,106.34473,106.08688,106.07668,106.07752,106.07077,106.29942,106.2861,106.42878,106.8
0.1, J237,11.0903,10.9303,0.43,4.44876,0.86142,0.26513,1.56242,0.70933,1.11933,0.44345,1.8412,2.63633,0.27,0.74513,0.11142,0.48846,1.11142,2.45013,0.13,4.97876,0.06,2.16013,0.35,0.20513,1.29,0.20345,0.15345,0.85144,1.2499,2.98013,0.41933,0.64084,0.50158,0.18158,1.38775,0.58152,0.7311,1.35998,1.21998,0.60032,0.29958,2.43142,10.4203,0.29,0.49,2.09013,0.35013,0.59,0.26,0.32,0.43,0.51,0.53,0.15,0.09,0.35,0.22,0.22,0.29,1.06017,0.25,0.15,0.03,0.13,0.53,0.03,0.21,0.2,0.27,0.21,0.06,0.42,0.25,0.41,0.32,0.45,0.01,0.06,0.07,1.30E-04,0.29,0.35,0.29,0.45,0.05,0.05,0.24,0.47,0.33,0.2,0.14,-11.0903,54.07455,26.05853,21.66396,26.38125,35.4236,34.35722,47.18129,30.43244,49.15093,47.65032,32.50537,51.09094,46.15311,24.72185,24.72184,34.22393,25.43507,33.30392,35.29907,36.07907,41.0794,46.07716,35.89311,35.09276,50.70629,48.84172,51.83532,56.08393,36.29895,29.36826,31.34508,26.37367,31.34432,36.28641,30.34622,39.0908,62.26061,61.08148,56.07452,34.30091,34.28758,31.43029,1,106.07455,106.05853,106.66396,106.38125,106.4236,106.35722,106.18129,106.43244,106.15093,105.65032,105.64537,106.09094,106.15311,106.72185,106.72184,106.22393,106.43507,106.30392,106.29907,106.07907,106.0794,106.07716,105.89311,106.09276,105.70629,105.84172,105.83532,106.08393,106.29895,106.36826,106.34508,106.37367,106.34432,106.28641,106.34622,106.0908,106.08061,106.08148,106.07452,106.30091,106.28758,106.43029,106.8
0.098, J241,11.10865,10.94865,0.43,4.44076,0.88776,0.12701,1.26562,0.35194,0.76194,0.55524,1.67961,2.92514,0.85852,1.19553,0.13776,0.49501,1.13776,2.45013,0.13,4.97076,0.06,2.16013,0.35,0.06701,1.29,0.31524,0.26524,0.86272,1.26773,2.98013,0.06194,0.42806,0.41756,0.09756,1.11438,0.59003,0.74554,1.37504,1.23504,0.61221,0.30551,2.45776,10.43865,0.29,0.49,2.09013,0.35013,0.59,0.26,0.32,0.43,0.51,0.53,0.15,0.09,0.35,0.22,0.22,0.29,0.49,0.25,0.15,0.03,0.13,0.53,0.03,0.21,0.2,0.85852,0.21,0.06,0.42,0.25,0.41,0.32,0.45,0.01,0.06,0.07,1.30E-04,0.29,0.35,0.29,0.45,0.05,0.05,0.24,0.47,0.33,0.2,0.14,-11.10865,54.06208,26.04606,21.66354,26.38008,35.42219,34.35415,47.17354,30.43122,49.14206,47.84031,32.70016,51.0794,46.14431,24.72161,24.7216,34.22339,25.43391,33.30275,35.2979,36.06007,41.06293,46.06236,35.9575,35.09266,50.85559,48.92091,51.91888,56.08448,36.29778,29.36709,31.34391,26.3725,31.34315,36.28525,30.34505,39.09028,62.25882,61.08077,56.06202,34.29974,34.28642,31.42902,1,106.06208,106.04606,106.66354,106.38008,106.42219,106.35415,106.17354,106.43122,106.14206,105.84031,105.84016,106.0794,106.14431,106.72161,106.7216,106.22339,106.43391,106.30275,106.2979,106.06007,106.06293,106.06236,105.9575,106.09266,105.85559,105.92091,105.91888,106.08448,106.29778,106.36709,106.34391,106.3725,106.34315,106.28525,106.34505,106.09028,106.07882,106.08077,106.06202,106.29974,106.28642,106.42902,106.8
0.092, J242,11.1097,10.9497,0.43,4.44153,0.88804,0.12659,1.26563,0.35194,0.76194,0.55537,1.67974,2.9259,0.27,1.19616,0.13804,0.49508,1.13804,2.45013,0.13,4.97153,0.06,2.16013,0.35,0.06659,1.29,0.31537,0.26537,0.86284,1.26792,2.98013,0.06194,0.42806,0.41756,0.09756,1.11437,0.59012,0.7457,1.3752,1.2352,0.61234,0.30558,2.45804,10.4397,0.29,0.49,2.09013,0.35013,0.59,0.26,0.32,0.43,0.51,0.53,0.15,0.09,0.35,0.22,0.22,0.29,0.49,0.25,0.15,0.03,0.13,0.53,0.03,0.21,0.2,0.27,0.79957,0.06,0.42,0.25,0.41,0.32,0.45,0.01,0.06,0.07,1.30E-04,0.29,0.35,0.29,0.45,0.05,0.05,0.24,0.47,0.33,0.2,0.14,-11.1097,54.06189,26.04587,21.66352,26.38002,35.42212,34.35406,47.1734,30.43116,49.14191,47.84014,32.7,51.07922,46.14416,24.7216,24.72158,34.22326,25.43384,33.30268,35.29784,36.0624,41.06274,46.06216,35.95733,35.09249,50.85542,48.92074,51.91871,56.08431,36.29771,29.36703,31.34385,26.37243,31.34309,36.28518,30.34499,39.09011,62.25865,61.08059,56.06184,34.29968,34.28635,31.42895,1,106.06189,106.04587,106.66352,106.38002,106.42212,106.35406,106.1734,106.43116,106.14191,105.84014,105.84,106.07922,106.14416,106.7216,106.72158,106.22326,106.43384,106.30268,106.29784,106.0624,106.06274,106.06216,105.95733,106.09249,105.85542,105.92074,105.91871,106.08431,106.29771,106.36703,106.34385,106.37243,106.34309,106.28518,106.34499,106.09011,106.07865,106.08059,106.06184,106.29968,106.28635,106.42895,106.8
0.088, J243,11.11735,10.95735,0.43,4.43252,0.9047,0.65384,1.26615,0.35183,0.76183,0.60867,1.73253,2.91637,0.27,1.13384,0.1547,0.49922,1.1547,2.45013,0.13,4.96252,0.06,2.16013,0.35,3.38E-03,1.29,0.36867,0.31867,0.86998,1.2792,2.98013,0.06183,0.42817,0.41797,0.09797,1.11385,0.5955,0.75484,1.38473,1.24473,0.61986,0.30933,2.4747,10.44735,0.29,0.49,2.09013,0.35013,0.59,0.26,0.32,0.43,0.51,0.53,0.15,0.09,0.35,0.22,0.22,0.29,0.49,0.25,0.15,0.03,0.13,0.53,0.03,0.21,0.2,0.27,0.21,0.65722,0.42,0.25,0.41,0.32,0.45,0.01,0.06,0.07,1.30E-04,0.29,0.35,0.29,0.45,0.05,0.05,0.24,0.47,0.33,0.2,0.14,-11.11735,54.05416,26.03814,21.66335,26.37953,35.42147,34.35235,47.16871,30.43064,49.13649,47.84069,32.70055,51.0721,46.1388,24.7215,24.72148,34.22348,25.43335,33.3022,35.29735,36.0657,41.06604,46.05409,35.95794,35.0932,50.85596,48.92128,51.91924,56.0847,36.29723,29.36654,31.34336,26.37195,31.3426,36.28469,30.3445,39.09083,62.25769,61.08029,56.05409,34.29919,34.28586,31.4284,1,106.05416,106.03814,106.66335,106.37953,106.42147,106.35235,106.16871,106.43064,106.13649,105.84069,105.84055,106.0721,106.1388,106.7215,106.72148,106.22348,106.43335,106.3022,106.29735,106.0657,106.06604,106.05409,105.95794,106.0932,105.85596,105.92128,105.91924,106.0847,106.29723,106.36654,106.34336,106.37195,106.3426,106.28469,106.3445,106.09083,106.07769,106.08029,106.05409,106.29919,106.28586,106.4284,106.8
0.1, J244,11.11903,10.95903,0.43,4.47157,0.86733,0.25889,1.6576,0.38739,0.79739,0.44378,1.77508,2.56397,0.27,0.73889,0.11733,0.48993,1.11733,2.45013,0.13,5.00157,0.06,2.16013,0.35,0.19889,1.29,0.20378,0.15378,0.85397,1.2539,2.98013,0.09739,0.39261,0.2461,0.0739,1.3213,0.58343,0.73434,1.36336,1.22336,0.60299,0.30091,2.43733,10.44903,0.29,0.49,2.09013,0.35013,0.59,0.26,0.32,0.43,0.51,0.53,0.15,0.09,0.35,0.22,0.22,0.29,0.49,0.25,0.15,0.03,0.13,0.53,0.03,0.21,0.2,0.27,0.21,0.06,1.0189,0.25,0.41,0.32,0.45,0.01,0.06,0.07,1.30E-04,0.29,0.35,0.29,0.45,0.05,0.05,0.24,0.47,0.33,0.2,0.14,-11.11903,54.0702,26.05418,21.66331,26.37942,35.42172,34.35497,47.17799,30.43061,49.14738,47.76548,32.62515,51.0868,46.14958,24.72148,24.72146,34.2203,25.43325,33.30209,35.29724,36.07447,41.07481,46.07266,35.86513,35.08789,50.78374,48.85138,51.85259,56.07961,36.29712,29.36643,31.34325,26.37184,31.34249,36.28459,30.34439,39.08602,62.25628,61.07715,56.07016,34.29908,34.28576,31.42844,1,106.0702,106.05418,106.66331,106.37942,106.42172,106.35497,106.17799,106.43061,106.14738,105.76548,105.76515,106.0868,106.14958,106.72148,106.72146,106.2203,106.43325,106.30209,106.29724,106.07447,106.07481,106.07266,105.86513,106.08789,105.78374,105.85138,105.85259,106.07961,106.29712,106.36643,106.34325,106.37184,106.34249,106.28459,106.34439,106.08602,106.07628,106.07715,106.07016,106.29908,106.28576,106.42844,106.8
0.1, J245,11.11807,10.95807,0.43,4.47216,0.86578,0.25198,1.26339,0.35241,0.76241,0.45224,1.57885,2.36083,0.27,0.73198,0.11578,0.48954,1.11578,2.45013,0.13,5.00216,0.06,2.16013,0.35,0.19198,1.29,0.21224,0.16224,0.85331,1.25285,2.98013,0.06241,0.42759,0.4158,0.0958,1.11661,0.58293,0.73349,1.36247,1.22247,0.60229,0.30056,2.43578,10.44807,0.29,0.49,2.09013,0.35013,0.59,0.26,0.32,0.43,0.51,0.53,0.15,0.09,0.35,0.22,0.22,0.29,0.49,0.25,0.15,0.03,0.13,0.53,0.03,0.21,0.2,0.27,0.21,0.06,0.42,0.84794,0.41,0.32,0.45,0.01,0.06,0.07,1.30E-04,0.29,0.35,0.29,0.45,0.05,0.05,0.24,0.47,0.33,0.2,0.14,-11.11807,54.07098,26.05496,21.66334,26.3795,35.42181,34.35516,47.17848,30.43069,49.14793,47.83627,32.69612,51.08751,46.15012,24.72149,24.72148,34.22036,25.43332,33.30217,35.29732,36.07498,41.07531,46.07327,35.95322,35.08794,50.85159,48.91691,51.91495,56.08117,36.2972,29.36651,31.34333,26.37192,31.34257,36.28466,30.34447,39.08634,62.25769,61.07863,56.07094,34.29916,34.28583,31.42852,1,106.07098,106.05496,106.66334,106.3795,106.42181,106.35516,106.17848,106.43069,106.14793,105.83627,105.83612,106.08751,106.15012,106.72149,106.72148,106.22036,106.43332,106.30217,106.29732,106.07498,106.07531,106.07327,105.95322,106.08794,105.85159,105.91691,105.91495,106.08117,106.2972,106.36651,106.34333,106.37192,106.34257,106.28466,106.34447,106.08634,106.07769,106.07863,106.07094,106.29916,106.28583,106.42852,106.8
0.084, J246,11.11812,10.95812,0.43,4.4702,0.86779,0.26264,1.55993,0.18259,1.19058,0.43957,1.86764,2.66028,0.27,0.74264,0.11779,0.49004,1.11779,2.45013,0.13,5.0002,0.06,2.16013,0.35,0.20264,1.29,0.19957,0.14957,0.85417,1.25421,2.98013,0.10741,0.59741,0.54252,0.22252,1.41807,0.58358,0.73459,1.36362,1.22362,0.6032,0.30102,2.43779,10.44812,0.29,0.49,2.09013,0.35013,0.59,0.26,0.32,0.43,0.51,0.53,0.15,0.09,0.35,0.22,0.22,0.29,0.49,0.25,0.15,0.03,0.13,0.53,0.03,0.21,0.2,0.27,0.21,0.06,0.42,0.25,1.00799,0.32,0.45,0.01,0.06,0.07,1.30E-04,0.29,0.35,0.29,0.45,0.05,0.05,0.24,0.47,0.33,0.2,0.14,-11.11812,54.07006,26.05404,21.66333,26.37948,35.42177,34.35499,47.17794,30.43066,49.14731,47.67113,32.53153,51.08667,46.1495,24.72149,24.72147,34.22047,25.4333,33.30215,35.2973,36.07447,41.07481,46.0726,35.88907,35.08813,50.67566,48.82964,51.82032,56.07908,36.29718,29.36649,31.34331,26.3719,31.34255,36.28464,30.34445,39.08613,62.25584,61.07667,56.07002,34.29914,34.28582,31.42849,1,106.07006,106.05404,106.66333,106.37948,106.42177,106.35499,106.17794,106.43066,106.14731,105.67113,105.67153,106.08667,106.1495,106.72149,106.72147,106.22047,106.4333,106.30215,106.2973,106.07447,106.07481,106.0726,105.88907,106.08813,105.67566,105.82964,105.82032,106.07908,106.29718,106.36649,106.34331,106.3719,106.34255,106.28464,106.34445,106.08613,106.07584,106.07667,106.07002,106.29914,106.28582,106.42849,106.8
0.084, J247,11.10702,10.94702,0.43,4.46154,0.86534,0.26415,1.5471,0.30746,0.71746,0.4405,1.87029,2.66444,0.27,0.74415,0.11534,0.48944,1.11534,2.45013,0.13,4.99154,0.06,2.16013,0.35,0.20415,1.29,0.2005,0.1505,0.85312,1.25256,2.98013,0.01746,0.47254,0.65456,0.25232,1.41979,0.58279,0.73325,1.36222,1.22222,0.60209,0.30046,2.43534,10.43702,0.29,0.49,2.09013,0.35013,0.59,0.26,0.32,0.43,0.51,0.53,0.15,0.09,0.35,0.22,0.22,0.29,0.49,0.25,0.15,0.03,0.13,0.53,0.03,0.21,0.2,0.27,0.21,0.06,0.42,0.25,0.41,0.90689,0.45,0.01,0.06,0.07,1.30E-04,0.29,0.35,0.29,0.45,0.05,0.05,0.24,0.47,0.33,0.2,0.14,-11.10702,54.07181,26.0558,21.66358,26.38019,35.4225,34.35587,47.17925,30.43137,49.14873,47.75305,32.61304,51.08834,46.15091,24.72163,24.72162,34.22186,25.43401,33.30285,35.29801,36.07629,41.07663,46.0744,35.89395,35.08999,50.76495,48.80981,51.82158,56.08092,36.29788,29.3672,31.34402,26.3726,31.34326,36.28535,30.34516,39.08799,62.25766,61.0785,56.07178,34.29985,34.28652,31.42921,1,106.07181,106.0558,106.66358,106.38019,106.4225,106.35587,106.17925,106.43137,106.14873,105.75305,105.75304,106.08834,106.15091,106.72163,106.72162,106.22186,106.43401,106.30285,106.29801,106.07629,106.07663,106.0744,105.89395,106.08999,105.76495,105.80981,105.82158,106.08092,106.29788,106.3672,106.34402,106.3726,106.34326,106.28535,106.34516,106.08799,106.07766,106.0785,106.07178,106.29985,106.28652,106.42921,106.8
0.082, J248,11.11039,10.95039,0.43,4.46396,0.8663,0.26483,1.52146,0.28674,0.69674,0.43887,1.89767,2.69251,0.27,0.74483,0.1163,0.48967,1.1163,2.45013,0.13,4.99396,0.06,2.16013,0.35,0.20483,1.29,0.19887,0.14887,0.85353,1.2532,2.98013,3.26E-03,0.49326,0.6082,0.2882,1.4488,0.5831,0.73377,1.36277,1.22277,0.60252,0.30068,2.4363,10.44039,0.29,0.49,2.09013,0.35013,0.59,0.26,0.32,0.43,0.51,0.53,0.15,0.09,0.35,0.22,0.22,0.29,0.49,0.25,0.15,0.03,0.13,0.53,0.03,0.21,0.2,0.27,0.21,0.06,0.42,0.25,0.41,0.32,1.04026,0.01,0.06,0.07,1.30E-04,0.29,0.35,0.29,0.45,0.05,0.05,0.24,0.47,0.33,0.2,0.14,-11.11039,54.07119,26.05517,21.66351,26.37997,35.42228,34.35559,47.1788,30.43116,49.14823,47.74682,32.60682,51.08775,46.15042,24.72159,24.72157,34.22145,25.4338,33.30264,35.29779,36.07569,41.07603,46.07379,35.89939,35.08945,50.75728,48.82595,51.8109,56.08015,36.29767,29.36698,31.3438,26.37239,31.34304,36.28514,30.34494,39.08741,62.25692,61.07775,56.07115,34.29963,34.28631,31.42899,1,106.07119,106.05517,106.66351,106.37997,106.42228,106.35559,106.1788,106.43116,106.14823,105.74682,105.74682,106.08775,106.15042,106.72159,106.72157,106.22145,106.4338,106.30264,106.29779,106.07569,106.07603,106.07379,105.89939,106.08945,105.75728,105.82595,105.8109,106.08015,106.29767,106.36698,106.3438,106.37239,106.34304,106.28514,106.34494,106.08741,106.07692,106.07775,106.07115,106.29963,106.28631,106.42899,106.8
0.08, J249,11.11923,10.95923,0.43,4.46886,0.87024,0.27449,1.27091,0.35081,0.76081,0.42527,2.14346,2.94794,0.27,0.75449,0.12024,0.49065,1.12024,2.45013,0.13,4.99886,0.06,2.16013,0.35,0.21449,1.29,0.18527,0.13527,0.85522,1.25587,2.98013,0.06081,0.42919,0.42172,0.10172,1.10909,0.58437,0.73594,1.36502,1.22502,0.6043,0.30157,2.44024,10.44923,0.29,0.49,2.09013,0.35013,0.59,0.26,0.32,0.43,0.51,0.53,0.15,0.09,0.35,0.22,0.22,0.29,0.49,0.25,0.15,0.03,0.13,0.53,0.03,0.21,0.2,0.27,0.21,0.06,0.42,0.25,0.41,0.32,0.45,0.6091,0.06,0.07,1.30E-04,0.29,0.35,0.29,0.45,0.05,0.05,0.24,0.47,0.33,0.2,0.14,-11.11923,54.06894,26.05292,21.6633,26.37941,35.42168,34.35474,47.17725,30.43059,49.14652,47.83426,32.69413,51.08564,46.14872,24.72147,24.72146,34.2205,25.43323,33.30208,35.29723,36.07383,41.07417,46.07177,35.95204,35.08824,50.84946,48.91476,51.91257,56.07672,36.29711,29.36642,31.34324,26.37183,31.34248,36.28457,30.34438,39.08582,62.25373,61.07445,56.0689,34.29907,34.28574,31.42841,1,106.06894,106.05292,106.6633,106.37941,106.42168,106.35474,106.17725,106.43059,106.14652,105.83426,105.83413,106.08564,106.14872,106.72147,106.72146,106.2205,106.43323,106.30208,106.29723,106.07383,106.07417,106.07177,105.95204,106.08824,105.84946,105.91476,105.91257,106.07672,106.29711,106.36642,106.34324,106.37183,106.34248,106.28457,106.34438,106.08582,106.07373,106.07445,106.0689,106.29907,106.28574,106.42841,106.8
0.094, J250,11.1136,10.9536,0.43,4.46733,0.86615,0.25172,1.26468,0.35214,0.76214,0.45214,1.57746,2.95265,0.27,0.73172,0.11615,0.48963,1.11615,2.45013,0.13,4.99733,0.06,2.16013,0.35,0.19172,1.29,0.21214,0.16214,0.85346,1.2531,2.98013,0.06214,0.42786,0.41682,0.09682,1.11532,0.58305,0.73369,1.36268,1.22268,0.60246,0.30064,2.43615,10.4436,0.29,0.49,2.09013,0.35013,0.59,0.26,0.32,0.43,0.51,0.53,0.15,0.09,0.35,0.22,0.22,0.29,0.49,0.25,0.15,0.03,0.13,0.53,0.03,0.21,0.2,0.27,0.21,0.06,0.42,0.25,0.41,0.32,0.45,0.01,0.06,0.07,1.30E-04,0.29,0.35,0.29,0.45,0.64347,0.05,0.24,0.47,0.33,0.2,0.14,-11.1136,54.07111,26.05509,21.66344,26.37978,35.42209,34.35542,47.17867,30.43097,49.14811,47.83681,32.69666,51.08766,46.1503,24.72155,24.72154,34.22103,25.43361,33.30245,35.2976,36.0751,41.07543,46.0734,35.9539,35.08887,50.85211,48.91742,51.91543,56.08129,36.29748,29.3668,31.34362,26.3722,31.34286,36.28495,30.34476,39.08645,62.25782,61.07875,56.07107,34.29945,34.28612,31.4288,1,106.07111,106.05509,106.66344,106.37978,106.42209,106.35542,106.17867,106.43097,106.14811,105.83681,105.83666,106.08766,106.1503,106.72155,106.72154,106.22103,106.43361,106.30245,106.2976,106.0751,106.07543,106.0734,105.9539,106.08887,105.85211,105.91742,105.91543,106.08129,106.29748,106.3668,106.34362,106.3722,106.34286,106.28495,106.34476,106.08645,106.07782,106.07875,106.07107,106.29945,106.28612,106.4288,106.8
